Wall time,Step,Value
1615536720.476498,10,-2.2990710735321045
1615536733.7274094,20,-9.541085243225098
