Wall time,Step,Value
1615536742.1347098,10,-11.686474800109863
