Wall time,Step,Value
1615394299.6425874,10,-32.16493225097656
